Index,Surname,#Awards,Education,DBLP
0,Aalst,0,['Technische Universiteit Eindhoven'],1117
1,Aaronson,4,"['Cornell University', 'University of California, Berkeley']",228
2,Abebe,3,"['Cornell University', 'University of Cambridge', 'Harvard University']",39
3,Abelson,1,"['Princeton University', 'Massachusetts Institute of Technology']",50
4,Abiteboul,4,['University of Southern California'],312
5,Abramsky,4,"[""King's College, Cambridge"", 'Queen Mary University of London']",214
6,Adleman,2,"['University of California, Berkeley']",54
7,Agrawal,8,['Indian Institute of Technology Kanpur'],105
8,Ahn,3,"['Duke University', 'BS', 'Carnegie Mellon University']",84
9,Aho,7,"['University of Toronto', 'Princeton University']",112
10,Allen,6,"['University at Albany', 'University of Michigan']",49
11,Amdahl,2,"['South Dakota State University', 'BS', 'University of Wisconsin', 'MS', 'PhD']",11
12,Anderson,2,"['Wesleyan University', 'University of Wisconsin-Madison']",1690
13,Anthony,6,['Drexel University'],146
14,Appel,0,['Princeton University'],147
15,Aragon,1,"['California Institute of Technology', 'University of California, Berkeley']",98
16,Arden,0,['Purdue University'],36
17,Arora,0,"['SB', 'Massachusetts Institute of Technology', 'PhD', 'UC Berkeley']",243
18,Arvind,14,"['IIT Kanpur', 'B.Sc., 1969', 'University of Minnesota', 'M.S.', 'Ph.D.']",3491
19,Atanasoff,2,"['University of Florida', 'Iowa State University', 'University of Wisconsin–Madison']",3
20,Bachman,3,"['University of Pennsylvania', 'Michigan State University']",73
21,Backhouse,0,"['Churchill College, Cambridge', 'Imperial College London']",73
22,Backus,3,"['University of Virginia', 'University of Pittsburgh', 'Haverford College', 'Columbia University']",21
23,Bacon,1,['U.C. Berkeley'],181
24,Bader,5,"['Lehigh University', 'University of Maryland, College Park']",310
25,Bahl,4,"['University of Massachusetts, Amherst', 'Modern School, New Delhi']",129
26,Barr,0,['North Carolina State University'],285
27,Barto,3,['University of Michigan'],218
28,Bauer,3,['Ludwig-Maximilians-Universität'],212
29,Bayer,2,['University of Illinois at Urbana–Champaign'],88
30,Bell,8,['MIT'],133
31,Bellovin,0,"['Columbia University', 'University of North Carolina at Chapel Hill']",167
32,Berners-Lee,5,"[""The Queen's College, Oxford""]",75
33,Bernstein,0,"['University of California, Berkeley', 'New York University']",329
34,Bernus,0,['Budapest Technical University'],73
35,Bhushan,0,"['Indian Institute of Technology Kanpur', 'Massachusetts Institute of Technology', 'MIT Sloan School of Management']",32
36,Bjørner,4,['Technical University of Denmark'],97
37,Blaauw,0,['Delft University of Technology'],13
38,Black,1,['London South Bank University'],856
39,Blei,2,"['Brown University', 'University of California, Berkeley']",291
40,Blum,0,['Brooklyn College'],138
41,Boehm,3,['Harvard University'],385
42,Bollacker,0,[],24
43,Bonwick,0,[],6
44,Booch,2,"['U.S. Air Force Academy', 'B.S.', 'University of California, Santa Barbara', 'M.S.']",129
45,Boole,17,['[3]'],42
46,Booth,0,[],3
47,Borg,18,['New York University'],21
48,Bos,0,[],188
49,Botvinnik,0,[],4
50,Bourne,3,"[""King's College London"", 'BSc', 'Trinity College, Cambridge', 'Diploma in Computer Science', 'Ph.D.']",16
51,Bouwman,0,['VU University Amsterdam'],125
52,Bowen,4,"['University College', 'Oxford']",306
53,Boyer,0,"['Ph.D.', 'Mathematics']",116
54,Brandenburg,1,['University of Erlangen-Nuremberg'],25
55,Brassard,3,[],133
56,Breed,2,[],11
57,Bresenham,0,['Winthrop University'],13
58,Brin,5,"['University of Maryland, College Park', 'BS', 'Stanford University', 'MS']",20
59,Brinkkemper,0,['University of Amsterdam'],294
60,Brooks,1,"['Stanford University', 'Flinders University']",65
61,Brown,0,['University of Pennsylvania'],1466
62,Burnett,0,[],264
63,Butler,0,"['Trinity College, Dublin', 'Wolfson College', 'Oxford']",347
64,Böhm,0,['ETH Zürich'],30
65,Cailliau,13,"['Ghent University', 'University of Michigan']",13
66,Camp,2,"['The College of William and Mary', 'Michigan State University', 'Kalamazoo College']",125
67,Campbell-Kelly,0,['Sunderland Polytechnic'],47
68,Candlin,0,['University of Cambridge'],4
69,Cantrill,0,[],11
70,Cardelli,2,"['University of Pisa', 'University of Edinburgh']",248
71,Carmack,0,['University of Missouri–Kansas City'],5
72,Caspersen,8,"['Aarhus U.', 'Aarhus U.', '[11]', 'PhD', 'Aarhus U.']",62
73,Catmull,4,['University of Utah'],12
74,Cerf,12,"['Stanford University', 'BS', 'University of California, Los Angeles', 'MS', 'PhD']",273
75,Chaitin,0,[],45
76,Chaochen,3,[],39
77,Chen,7,"['National Taiwan University', 'Harvard University']",3157
78,Chiariglione,8,['Polytechnic University of Turin'],26
79,Church,0,"['Princeton University', 'BS', 'PhD']",6
80,Ciaramella,0,[],11
81,Clarke,1,['Cornell University'],323
82,Cocke,6,['Duke University'],41
83,Codd,3,"['Exeter College, Oxford', 'University of Michigan']",55
84,Cohen,0,[],85
85,Colmerauer,0,[],28
86,Colton,0,"['Durham University', 'University of Liverpool', 'University of Edinburgh']",158
87,Comer,8,[],86
88,Compton,0,[],112
89,Conway,2,"['Cornell', 'PhD', 'Cornell']",53
90,Cook,8,"['Harvard University', 'University of Michigan']",229
91,Cooley,0,[],34
92,Cooper,0,"['University of California, Los Angeles', 'BA']",2
93,Corbató,2,"['California Institute of Technology', 'Massachusetts Institute of Technology']",17
94,Cormack,0,[],133
95,Cousot,8,['École Nationale Supérieure des Mines de Nancy'],123
96,Cox,4,"['University College London', 'Oxford University']",179
97,Cristianini,3,"['University of Trieste', 'University of London', 'University of Bristol']",145
98,Croft,8,['Monash University'],0
99,Crowcroft,2,"['University of Cambridge', 'University College London']",556
100,Culler,5,"['University of California, Berkeley', 'University of California, Los Angeles']",7
101,Curry,0,"['Harvard University', 'University of Göttingen']",12
102,Dadda,0,['Politecnico di Milano'],29
103,Dahl,2,['University of Oslo'],27
104,Dam,0,[],103
105,Das,0,"['Georgia Tech', 'Indian Institute of Science', 'Jadavpur University']",332
106,Daswani,0,"['Stanford University', 'Columbia University']",14
107,Date,0,['University of Cambridge'],127
108,Davis,0,"[""Bachelor's degree"", 'computer engineering', ""master's degree"", 'electrical engineering', 'Arizona State University']",22
109,DeMarco,2,"['Cornell University', 'Columbia University', 'University of Paris']",40
110,DeMillo,0,"['University of St. Thomas', 'Georgia Institute of Technology']",61
111,Dean,6,"['University of Minnesota', 'University of Washington']",232
112,Demaine,3,"['Dalhousie University', 'University of Waterloo']",740
113,Denning,2,"['University of Michigan', 'Purdue University']",305
114,Dertouzos,0,[],17
115,Dewar,0,"['University of Chicago', 'B.S.', 'Ph.D.']",54
116,Dewdney,0,[],0
117,Dham,0,"['Delhi College of Engineering', 'Delhi Technological University', 'Delhi University', 'University of Cincinnati']",2
118,Dietz,0,['Eindhoven University of Technology'],172
119,Diffie,6,['Massachusetts Institute of Technology'],43
120,Dijkstra,5,"['Leiden University', 'University of Amsterdam']",97
121,Dillon,0,"['University of California, Berkeley']",27
122,Dix,0,[],287
123,Dongarra,15,"['Chicago State University', 'BS', 'Illinois Institute of Technology', 'MS', 'University of New Mexico', 'PhD']",985
124,Dorigo,0,[],312
125,Dourish,7,['Computer Science'],156
126,Draper,6,"['Massachusetts Institute of Technology', 'Stanford University']",12
127,Dumais,1,"['Indiana University', 'Bates College']",208
128,Dunkels,0,"['Swedish Institute of Computer Science', 'B.S.', 'M.S.', 'Ph.D.']",55
129,Dunn,11,"['Oberlin College', 'University of Pittsburgh']",142
130,Dustdar,0,[],912
131,Eades,0,[],221
132,Eckert,4,['University of Pennsylvania'],0
133,Edelman,7,"['MIT', 'Yale University']",88
134,Eich,0,"['University of Illinois Urbana-Champaign', 'Santa Clara University']",13
135,Emerson,2,"['Harvard', 'UT Austin']",0
136,Engelbart,7,"['Oregon State University', 'University of California, Berkeley']",18
137,Engelhardt,2,"['Stanford University', 'University of California, Berkeley']",63
138,Eppstein,0,"['Stanford University', 'Columbia University']",677
139,Etzioni,2,"['Harvard University', 'Carnegie Mellon University']",187
140,Evans,0,"['University College London', 'University of Reading']",1221
141,Even,0,['Harvard University'],119
142,Fahlman,3,"['Massachusetts Institute of Technology', 'B.S.', 'M.S.', 'Ph.D.']",34
143,Fayed,0,"['Menoufia University', 'King Saud University']",17
144,Feigenbaum,4,['Carnegie Mellon University'],44
145,Felten,2,"['California Institute of Technology', 'BS', 'University of Washington', 'MS', 'PhD']",114
146,Finin,3,['University of Illinois'],357
147,Finkel,0,['University of Chicago'],66
148,Firesmith,0,['Arizona State University'],60
149,Fischer,8,"['University of British Columbia', 'University of Cambridge']",22
150,Flake,0,[],32
151,Floyd,1,"['University of California, Berkeley']",83
152,Fogel,0,"['New York University', 'Rutgers University', 'University of California, Los Angeles']",22
153,Foley,11,"['University of Michigan', 'Lehigh University']",151
154,Forbus,0,"['Massachusetts Institute of Technology', 'BS', 'MS', 'PhD']",208
155,Fortnow,7,"['Cornell University', 'Massachusetts Institute of Technology']",235
156,Fowler,0,"['University College London', 'BSc', '[1]']",69
157,France,2,"['University of the West Indies', 'Trinidad and Tobago', 'Massey University', 'New Zealand']",2456
158,Franke,9,[],37
159,Fredkin,2,['California Institute of Technology'],8
160,Freund,2,"['The Hebrew University of Jerusalem', 'University of California, Santa Cruz']",113
161,Friedman,0,"['University of Houston', '[1]']",253
162,Fu,6,[],528
163,Fukushima,1,['Kyoto University'],91
164,Fulkerson,5,"['Southern Illinois University', 'University of Wisconsin–Madison']",0
165,Gabriel,2,"['Northeastern University', 'Massachusetts Institute of Technology', 'University of Illinois', 'Stanford University', 'Warren Wilson College']",415
166,Galil,3,"['Tel Aviv University', 'BSc', 'MSc', 'Cornell University', 'PhD']",199
167,Galler,0,"['University of Chicago', 'UCLA']",57
168,García-Molina,3,"['Monterrey Institute of Technology and Higher Education', 'BS', 'Stanford University', 'MS', 'PhD']",468
169,Garey,0,['University of Wisconsin–Madison'],63
170,Garis,0,[],95
171,Gates,4,['Harvard University'],9
172,Gelernter,3,"['Yale University', 'BA', 'State University of New York at Stony Brook', 'PhD']",68
173,Geschke,3,"['Xavier University', 'AB', 'MS', 'Carnegie Mellon University', 'PhD']",11
174,Ghahramani,3,"['University of Pennsylvania', 'Massachusetts Institute of Technology']",322
175,Ghemawat,1,"['Cornell University', 'MIT']",28
176,Gibbons,0,"['University of Edinburgh', 'B.Sc.', 'University of Oxford', 'D.Phil.']",162
177,Gil,3,[],237
178,Gilbert,1,"['Miami University', 'University of Cincinnati']",228
179,Giles,7,"['Rhodes College', 'University of Tennessee', 'University of Michigan', 'University of Arizona']",591
180,Ginsburg,0,"['City College of New York', 'University of Michigan']",117
181,Glass,0,[],486
182,Goel,3,['Ohio State University'],266
183,Goguen,0,"['Harvard University', 'University of California, Berkeley']",137
184,Gold,0,[],0
185,Goldberg,2,"['Massachusetts Institute of Technology', 'University of California, Berkeley']",154
186,Goldreich,2,"['Technion', 'Weizmann Institute']",526
187,Goldsmith,0,[],166
188,Goldwasser,11,"['Carnegie Mellon University', 'University of California, Berkeley']",234
189,Golub,0,['University of Illinois at Urbana-Champaign'],118
190,Golumbic,0,[],110
191,Gonnet,1,['University of Waterloo'],102
192,Goodfellow,0,"['Stanford University', 'Université de Montréal']",110
193,Gosling,7,"['University of Calgary', 'BSc', 'Carnegie Mellon University', 'MA', 'PhD']",15
194,Graham,0,"['Cornell University', 'Harvard University']",111
195,Gray,2,"['University of California, Berkeley']",243
196,Greibach,0,"['Radcliffe College', 'Harvard University']",77
197,Gries,4,"['B.S.', 'Queens College', 'M.S.', 'University of Illinois at Urbana-Champaign', 'Dr. rer. nat.', 'Technical University of Munich']",158
198,Griesemer,0,[],10
199,Griswold,0,[],47
200,Gropp,2,['Stanford University'],310
201,Gruber,0,['Loyola University New Orleans'],43
202,Guha,16,"['Indian Institute of Technology Madras', 'University of California, Berkeley', 'Stanford University']",44
203,Gunther,9,"['La Trobe University', 'University of Southampton']",59
204,Gutknecht,0,"['Ph.D.', 'ETH Zurich']",47
205,Guy,0,[],579
206,Gödel,3,"['University of Vienna', 'PhD']",4
207,Habermann,0,"['Free University of Amsterdam', 'Eindhoven University of Technology']",34
208,Hahn,0,[],66
209,Hall,1,"['University of Washington', 'Rutgers University', 'Eastern Nazarene College', 'Boston University', 'Massachusetts Institute of Technology', 'Harvard University']",289
210,Halpern,3,['University of Toronto'],634
211,Hamilton,1,"['University of Michigan', 'Earlham College', 'BA']",132
212,Hamming,4,"['University of Chicago', 'University of Nebraska', 'University of Illinois at Urbana–Champaign']",23
213,Han,0,"['University of Wisconsin - Madison', 'PhD', 'University of Science and Technology of China', 'BSc.']",1513
214,Hansen,1,['Technical University of Denmark'],281
215,Harary,0,"['Brooklyn College', 'University of California, Berkeley']",117
216,Harris,0,"['School of Oriental and African Studies', 'American University in Cairo', ""Quai d'Orsay""]",151
217,Hartmanis,2,"['University of Marburg', 'University of Kansas City', 'Caltech']",135
218,Hatton,2,"[""King's College, Cambridge""]",50
219,Hawryszkiewycz,0,[],149
220,Hehner,0,"['Carleton University', 'B.Sc.', 'University of Toronto', 'M.Sc.', 'Ph.D.']",52
221,Heiser,6,"['University of Freiburg', 'Brock University', 'ETH Zurich']",130
222,Hellman,9,"['New York University', 'Stanford University']",72
223,Hendler,0,"['Yale University', 'Southern Methodist University', 'Brown University']",311
224,Hennessy,9,"['Villanova University', 'BS', 'Stony Brook University', 'MS', 'PhD']",129
225,Herbert,0,['Leeds University'],139
226,Hewitt,0,['MIT'],67
227,Hightower,0,[],4
228,Hinton,9,"['University of Cambridge', 'BA', 'University of Edinburgh']",294
229,Hirschberg,10,"['University of Pennsylvania', 'University of Michigan']",229
230,Ho,7,['Chinese University of Hong Kong'],4275
231,Hoare,7,"['University of Oxford', 'Moscow State University']",194
232,Hodes,0,"['B.S.', 'Polytechnic Institute of Brooklyn', 'Ph.D.', 'MIT']",16
233,Holland,3,['University of Michigan'],104
234,Holzmann,2,['Delft University of Technology'],149
235,Hopcroft,8,"['Seattle University', 'Stanford University']",203
236,Hopper,9,"['Vassar College', 'BA', 'Yale University', 'MS', 'PhD']",8
237,Horvitz,0,['Stanford University'],422
238,Householder,0,['University of Chicago'],12
239,Hudak,6,"['Vanderbilt University', 'B.S.', 'Massachusetts Institute of Technology', 'M.S.', 'University of Utah', 'Ph.D.']",102
240,Huffman,2,"['Ohio State University', 'Massachusetts Institute of Technology']",46
241,Hughes,3,"['University of Oxford', 'PhD']",534
242,Hui,1,"['University of Alberta', 'University of Toronto']",109
243,Humphrey,1,['United States Navy'],51
244,Hutchins,0,[],3
245,Håstad,4,"['Massachusetts Institute of Technology', 'Uppsala University', 'Stockholm University']",179
246,Ichbiah,6,[],11
247,Ierusalimschy,0,['Pontifical Catholic University of Rio de Janeiro'],73
248,Ingalls,2,"['Harvard University', 'B.A.', 'Stanford University', 'M.S.']",33
249,Irwin,3,"['University of Illinois at Urbana-Champaign', 'Memphis State University']",379
250,Iverson,4,"[""Queen's University"", 'Harvard University']",45
251,Jacobson,0,"['Chalmers Institute of Technology', 'Gothenburg', 'Royal Institute of Technology', 'Stockholm']",73
252,Jain,10,"['Indian Institute of Technology, Kanpur', 'Ohio State University']",569
253,James,0,[],1228
254,Jifeng,0,['Fudan University'],311
255,Johnson,2,"['Amherst College', 'MIT']",453
256,Jones,3,['University of Cambridge'],662
257,Jordan,5,"['University of California, San Diego']",1216
258,Joseph,2,"['Wilson College, Mumbai', 'University of Bombay', 'Welsh College of Advanced Technology', 'University of Cambridge']",51
259,Joshi,12,"['College of Engineering, Pune', 'Indian Institute of Science', 'University of Pennsylvania']",192
260,Joy,4,"['University of Michigan', 'University of California, Berkeley']",41
261,Jr.,2,"['BA', 'Harvard University', 'MS', 'PhD', 'MIT']",178
262,Jurafsky,2,"['University of California at Berkeley', '[2]']",317
263,Kaehler,0,"['Stanford University', 'B.S.', 'Carnegie Mellon University', 'MSc']",7
264,Kahan,4,['University of Toronto'],37
265,Kahn,12,"['City College of New York', 'Princeton University']",17
266,Kak,0,"['University of Madras', 'Indian Institute of Technology, Delhi']",180
267,Karger,1,"['Harvard University', 'Stanford University']",297
268,Karmarkar,11,"['IIT Bombay', 'Caltech', 'University of California, Berkeley']",22
269,Karp,10,['Harvard University'],343
270,Karpinski,0,[],349
271,Kay,3,"['University of Colorado at Boulder', 'BS', 'University of Utah College of Engineering', 'MS', 'PhD']",110
272,Kayal,8,['IIT Kanpur'],78
273,Kellis,3,['Massachusetts Institute of Technology'],46
274,Kemeny,2,['Princeton University'],11
275,Kennedy,0,"['Rice University', 'New York University']",3115
276,Kernighan,0,"['University of Toronto', 'BASc', 'Princeton University', 'PhD']",54
277,Kesselman,0,[],172
278,Khan,10,"['University of Malaya', 'COMSATS University']",119
279,Kiczales,0,['Massachusetts Institute of Technology'],69
280,Kirstein,3,"['University of Cambridge', 'Stanford University']",56
281,Kleene,2,"['Amherst College', 'Princeton University']",12
282,Klein,4,"['Cornell University', 'University of Oxford', 'Stanford University']",877
283,Kleinrock,5,"['City College of New York', 'MIT']",180
284,Knuth,14,"['Case Institute of Technology', 'BS', 'MS', 'California Institute of Technology', 'PhD']",186
285,Koenig,0,['Columbia University'],74
286,Koller,5,"['Hebrew University of Jerusalem', 'Stanford University']",264
287,Kolmogorov,7,"['Moscow State University', 'Ph.D.']",7
288,Kolodner,2,"['Brandeis University', 'Yale University']",70
289,Korn,0,[],131
290,Koster,0,['University of Amsterdam'],51
291,Kowalski,2,"['University of Chicago', 'University of Bridgeport', 'BA', 'Stanford University', 'MSc', 'University of Warsaw', 'University of Edinburgh', 'PhD']",140
292,Koza,0,[],90
293,Krogstie,0,[],261
294,Kruskal,0,"['University of Chicago', 'Princeton University']",10
295,Kruusmaa,4,"['Tallinn University of Technology', 'Chalmers University of Technology']",57
296,Kurtz,2,"['Princeton University', 'Knox College', 'mathematics']",44
297,Kölling,3,"['University of Bremen', 'University of Sydney']",119
298,Ladner,5,"[""St. Mary's College of California"", 'University of California, Berkeley']",254
299,Lam,9,['Carnegie Mellon University'],224
300,Lamport,6,"['Massachusetts Institute of Technology', 'BS', 'Brandeis University', 'MA', 'PhD']",173
301,Lampson,6,"['Harvard University', 'University of California, Berkeley']",82
302,Landin,0,"['Clare College', 'Cambridge University']",40
303,Lane,0,"['Carnegie Mellon University', 'Ph.D.']",86
304,Langefors,0,['Stockholm University'],9
305,Lattner,2,"['University of Portland', 'University of Illinois at Urbana-Champaign']",14
306,Lawrence,8,[],350
307,Lazowska,0,"['Brown University', 'University of Toronto']",107
308,LeCun,3,"['ESIEE Paris', 'MS', 'Pierre and Marie Curie University', 'PhD']",345
309,Lederberg,3,"['Stuyvesant High School', 'Columbia University', 'Yale University']",6
310,Leiserson,0,"['Carnegie Mellon University', 'Yale University']",136
311,Lenat,2,"['University of Pennsylvania', 'Stanford University']",65
312,Lerdorf,0,['University of Waterloo'],5
313,Levin,2,"['Moscow University', 'Massachusetts Institute of Technology']",96
314,Leyton-Brown,1,"['McMaster University', 'Stanford University']",195
315,Licklider,0,"['Washington University in St. Louis', 'University of Rochester']",0
316,Liddle,0,[],57
317,Liedtke,0,"['Bielefeld University', 'Technical University of Berlin']",39
318,Lindsey,0,[],17
319,Lions,0,"['University of Sydney', 'University of Cambridge']",10
320,Lipton,2,['Carnegie Mellon'],236
321,Liskov,3,"['University of California, Berkeley', 'Stanford University']",163
322,Liu,0,"['Cornell University', 'Tsinghua University', 'Peking University']",389
323,Long,2,"['San Diego State University', 'University of California, San Diego']",217
324,Lopez,1,['New Mexico State University'],274
325,Lovegrove,0,"['Newnham College, Cambridge', 'Cambridge University']",7
326,Luckham,0,"['Ph.D.', 'MIT']",53
327,Luks,3,[],41
328,Lynch,7,"['Brooklyn College', 'MIT']",389
329,Maibaum,1,"['B.Sc.', 'University of Toronto', 'Ph.D.', 'University of London']",200
330,Manna,4,"['Technion – Israel Institute of Technology', 'Carnegie Mellon University']",190
331,Marlow,2,"['University of Glasgow', 'University of Bristol']",49
332,Martin,0,[],5384
333,Mashey,0,[],18
334,Matiyasevich,3,['Leningrad State University'],46
335,Matsumoto,0,"['University of Tsukuba', 'Shimane University']",22
336,Mauchly,3,['Johns Hopkins University'],4
337,Maulik,11,"['Nabadwip Bakultala High School', 'Calcutta University', 'Jadavpur University']",212
338,McAuley,1,['University of Cambridge'],86
339,McCallum,1,"['Dartmouth College', 'University of Rochester', '[2]']",420
340,McCarthy,6,"['Princeton University', 'California Institute of Technology']",300
341,McIlroy,3,"['Cornell University', 'Massachusetts Institute of Technology']",26
342,McKinstry,0,[],5
343,McKusick,0,"['University of California, Berkeley']",40
344,Meertens,2,[],33
345,Mehlhorn,4,"['Cornell University', '[2]']",449
346,Meyer,3,"['Université de Nancy', 'Stanford University', 'École Polytechnique']",367
347,Micali,3,"['La Sapienza University of Rome', 'UC Berkeley']",168
348,Milner,5,[],108
349,Minker,2,"['Brooklyn College', 'University of Wisconsin', 'University of Pennsylvania']",156
350,Minsky,6,"['Harvard University', 'BA', 'Princeton University', 'MA', 'PhD']",33
351,Mitchell,2,"['University of Waterloo', 'Carnegie Mellon University']",365
352,Mockapetris,4,"['Massachusetts Institute of Technology', 'University of California at Irvine']",13
353,Moler,2,"['California Institute of Technology', 'Stanford University']",24
354,Moller,0,"['University of British Columbia', 'University of Waterloo', 'University of Edinburgh']",77
355,Moon,0,['Pennsylvania State University'],334
356,Moore,0,[],173
357,Moravec,0,"['Acadia University', '[1]', 'University of Western Ontario', '[1]', 'Stanford University', '[1]']",18
358,Morgan,0,"['Ph.D.', 'University of Sydney']",132
359,Morris,0,"['Harvard University ', 'Cornell University']",637
360,Moses,0,"['BA', 'MA', 'Columbia University', 'PhD', 'mathematics', 'MIT']",28
361,Motwani,1,"['IIT Kanpur', 'B.Tech', 'C.S.', 'UC Berkeley', 'Ph.D.', 'C.S.']",211
362,Muggleton,4,['University of Edinburgh'],209
363,Mukhanov,0,[],4
364,Mycroft,0,"['University of Cambridge', 'University of Edinburgh']",122
365,Myers,8,"['University of Toronto', 'Massachusetts Institute of Technology']",375
366,Nadin,0,[],49
367,Nagao,8,['Kyoto University'],104
368,Nake,9,[],29
369,Nardi,0,[],181
370,Naur,2,['Technical University of Denmark'],43
371,Needham,2,['University of Cambridge'],87
372,Nell,0,['Drexel University'],38
373,Nelson,2,"['Harvard University', 'Stanford University']",140
374,Neumann,6,"['Pázmány Péter University', 'University of Berlin', 'ETH Zürich']",122
375,Newell,5,"['Stanford University', 'Princeton University', 'Carnegie Mellon University']",78
376,Newman,3,"[""St John's College, Cambridge""]",24
377,Ng,9,"['University of California, Berkeley', 'Massachusetts Institute of Technology', 'Carnegie Mellon University']",1002
378,Nijssen,0,['Eindhoven University of Technology'],0
379,Nilsson,6,['Stanford University'],1832
380,Nipkow,0,[],219
381,Nivat,7,['Joseph Fourier University'],110
382,Noe,0,"['UC Berkeley', 'Stanford University']",21
383,Nordin,0,"['University of Dortmund', 'Chalmers University of Technology', 'Göteborg University']",50
384,Norman,4,"['MIT', 'University of Pennsylvania']",198
385,Norvig,2,"['Brown University', 'University of California, Berkeley']",41
386,Nygaard,4,"['M.Sc.', 'University of Oslo']",22
387,O'Hearn,9,"['Dalhousie University', ""Queen's University""]",110
388,O'Sullivan,2,[],207
389,Odersky,0,"['Ludwig Maximilian University of Munich', 'ETH Zurich']",140
390,Olle,0,['University of Manchester'],0
391,Omohundro,0,"['Stanford University', 'University of California, Berkeley']",6
392,Ornstein,0,[],11
393,Ousterhout,2,"[""Bachelor's degree"", 'Ph.D']",83
394,Overmars,0,['Utrecht University'],242
395,Owicki,0,['Cornell University'],36
396,Page,9,"['University of Michigan', 'BS', 'Stanford University', 'MS']",20
397,Pal,2,"['Rajabazar Science College', 'University of Calcutta', 'Indian Statistical Institute', 'Imperial College London']",426
398,Pandya,2,[],82
399,Papadimitriou,5,"['Athens Polytechnic', 'Princeton University']",576
400,Park,0,"['University of Oxford', 'Massachusetts Institute of Technology']",1883
401,Parnas,0,[],182
402,Paterson,2,"['Ph.D.', 'University of Cambridge']",154
403,Patt,6,[],216
404,Patterson,6,"['University of California, Los Angeles']",452
405,Paulson,1,"['California Institute of Technology', 'Stanford University']",223
406,Pausch,5,"['Brown University', 'Carnegie Mellon University']",81
407,Pavón,0,"['Technical University of Madrid', 'Université Pierre et Marie Curie']",200
408,Pearl,5,"['Technion – Israel Institute of Technology', 'New Jersey Institute of Technology', 'Rutgers University', 'New York University Tandon School of Engineering']",309
409,Perlis,2,"['Chemistry', 'Carnegie Mellon', 'MIT']",52
410,Perlman,11,['MIT'],67
411,Perotto,0,[],4
412,Pham,0,"['Georgia Institute of Technology', 'Supélec', 'MIT Media Lab', 'Harvard University']",4
413,Pieraccini,11,['University of Pisa'],84
414,Pingali,3,"['IIT Kanpur', 'MIT']",226
415,Plotkin,3,"['University of Glasgow', 'University of Edinburgh']",161
416,Pnueli,2,['Stanford University'],277
417,Poel,2,"['Delft University of Technology', 'B.S.', 'University of Amsterdam', 'Ph.D.']",179
418,Post,0,"['City College of New York', '[1]', 'Columbia University', '[2]']",162
419,Postel,6,['UCLA'],231
420,Preparata,2,['University of Rome'],199
421,Press,0,"['Harvard University', 'California Institute of Technology']",201
422,Péter,0,[],8
423,Pătrașcu,0,['Massachusetts Institute of Technology'],97
424,Quevedo,1,"[""Official School of the Road Engineers' Corps of Madrid"", 'es']",4
425,Rabin,10,"['Hebrew University of Jerusalem', 'MSc', 'University of Pennsylvania', 'Princeton University', 'PhD']",268
426,Radev,2,[],310
427,Raman,4,[],0
428,Randell,0,['Imperial College London'],112
429,Ravn,2,"['University of Copenhagen', 'Technical University of Denmark']",132
430,Reddy,6,"['University of Madras', 'BE', 'University of New South Wales', 'MTech', 'Stanford University', 'PhD']",733
431,Reed,0,['MIT'],322
432,Reenskaug,0,[],18
433,Reynolds,2,"['Purdue University', 'Ph.D.', 'Harvard University']",70
434,Richards,0,[],185
435,Ries,0,[],16
436,Rijsbergen,1,"['University of Western Australia', 'University of Cambridge']",0
437,Ritchie,8,"['Harvard University', 'BS']",16
438,Rivest,5,"['Stanford University', 'Yale University']",234
439,Robinson,2,['University of Sydney'],113
440,Rolland,0,['University of Nancy'],178
441,Romero,0,[],164
442,Rosenfeld,3,[],461
443,Ross,3,"['Oberlin College', 'B.Sc.', 'Massachusetts Institute of Technology', 'M.Sc.']",138
444,Rossum,2,['University of Amsterdam'],14
445,Rothman,0,['United States Patent and Trademark Office'],0
446,Rozenberg,10,['Polish Academy of Sciences'],615
447,Rucker,0,"['St. Xavier High School', 'Swarthmore College', 'BA', 'Rutgers University', 'MS', 'PhD']",5
448,Rudich,1,[],40
449,Rulifson,25,"['University of Washington', 'Stanford University']",6
450,Rumbaugh,0,[],50
451,Ružička,4,['Comenius University in Bratislava'],48
452,Sadowsky,0,['Harvard University'],2
453,Sadrzadeh,0,"['Université du Québec à Montréal', 'Sharif University of Technology']",119
454,Saif,0,"['Lahore University of Management Sciences', 'University of Cambridge', 'Massachusetts Institute of Technology']",54
455,Salton,6,"['Brooklyn College', 'Harvard University']",183
456,Sammet,3,"['Mount Holyoke College', 'B.A.', 'University of Illinois at Urbana Champaign', 'M.A.', 'Columbia University']",56
457,Sammut,0,[],133
458,Satyanarayanan,5,"['Carnegie Mellon University (Ph.D.)', 'IIT Madras (M.Tech., B.Tech.)']",220
459,Savitch,0,"['University of California, Berkeley']",32
460,Schaeffer,2,"['University of Waterloo', 'University of Toronto']",278
461,Schmidhuber,0,['Technical University of Munich'],462
462,Schneider,0,['University of Oxford'],230
463,Schneier,0,"['American University', 'University of Rochester']",164
464,Schoenebeck,6,"['Georgia Institute of Technology', 'University of California, Berkeley', 'Dartmouth College']",78
465,Schölkopf,10,"['University of London', 'University of Tübingen', 'TU Berlin']",869
466,Scott,0,[],2124
467,Sedgewick,4,['Brown University'],100
468,Sethi,0,"['Indian Institute of Technology, Kanpur', 'Princeton University']",93
469,Shadbolt,2,"['Newcastle University', 'University of Edinburgh']",338
470,Shamir,6,"['Tel Aviv University', 'Weizmann Institute of Science']",294
471,Shannon,10,"['University of Michigan', 'AB', 'BS', 'Massachusetts Institute of Technology', 'MS', 'PhD']",26
472,Shaw,0,[],35
473,Shekhar,28,"['University of California, Berkeley']",375
474,Shenker,5,"['Brown University', 'University of Chicago']",370
475,Shneiderman,3,"['City College of New York', 'Stony Brook University']",502
476,Shortliffe,0,"['Harvard University', 'Stanford University']",121
477,Siewiorek,4,"['University of Michigan', 'B.A.', 'Stanford University', 'M.A.', 'Ph.D.']",270
478,Sifakis,2,"['National Technical University of Athens', 'University of Grenoble']",240
479,Simon,10,['University of Chicago'],172
480,Singh,5,"['University of Texas at Austin', 'Indian Institute of Technology Delhi']",473
481,Sitaraman,0,"['Indian Institute of Technology, Madras', '[2]', 'Princeton University', '[2]']",159
482,Sleator,2,"['University of Illinois at Urbana–Champaign', 'Stanford University']",42
483,Sloman,0,[],69
484,Smith,0,['MIT'],2330
485,Spewak,0,['Case Western Reserve University'],2
486,Spradling,0,['University of Nebraska - Lincoln'],9
487,Sproull,0,"['Deep Springs College', 'Cornell University']",34
488,Srihari,0,"['University of Waterloo', 'University at Buffalo']",282
489,Stachowiak,0,"['Course 6 - Electrical Engineering and Computer Science', 'S.B.', 'M.Eng.']",5
490,Stallman,5,"['Harvard University', 'BS', 'Massachusetts Institute of Technology']",13
491,Stamper,0,['United Kingdom'],28
492,Stearns,2,"['Carleton College', 'Princeton University']",106
493,Stepanov,0,[],47
494,Sterling,6,"['Old Dominion University', 'Massachusetts Institute of Technology']",133
495,Stevens,0,"['University of Michigan', 'University of Arizona']",0
496,Stockmeyer,0,[],86
497,Stolfo,0,[],180
498,Stonebraker,2,"['Princeton University', 'University of Michigan']",425
499,Storaasli,0,['University of Edinburgh'],3
500,Strachey,0,['University of Cambridge'],17
501,Strassen,8,['University of Göttingen'],21
502,Stroustrup,11,"['Aarhus University', 'Cand.scient.', 'University of Cambridge', 'PhD']",78
503,Sudan,2,"['IIT Delhi', 'University of California, Berkeley']",350
504,Sussman,2,"['SB', 'PhD']",38
505,Sutherland,1,"['RPI', 'MIT']",49
506,Sweeney,0,"['Harvard University', 'ALB', 'MIT', 'SM', 'PhD']",49
507,Szegedy,2,['University of Chicago'],119
508,Sølvberg,0,[],50
509,Tabriz,0,['University of Illinois at Urbana–Champaign'],8
510,Tamassia,4,[],305
511,Tanenbaum,22,"['Massachusetts Institute of Technology', 'University of California, Berkeley']",214
512,Tardos,5,['Eötvös Loránd University'],150
513,Tarjan,3,"['California Institute of Technology', 'BS', 'Stanford University', 'MS', 'PhD']",349
514,Tate,2,"['Lancaster University', 'University of Edinburgh']",63
515,Taylor,5,"['Purdue University', 'University of California at Berkeley']",119
516,Teevan,7,"['Yale University', 'BS', 'Massachusetts Institute of Technology', 'PhD']",145
517,Tesler,0,['Stanford University'],10
518,Thacker,3,"['University of California, Berkeley']",15
519,Thalheim,4,"['Dresden University of Technology', 'Lomonosov Moscow State University']",383
520,Thalmann,4,['University of Geneva'],592
521,Thompson,9,"['University of California, Berkeley']",170
522,Thrun,3,"['University of Bonn', 'University of Hildesheim']",328
523,Tichy,0,"['Technische Universität München', 'Carnegie Mellon University']",207
524,Toda,0,[],41
525,Torvalds,3,"['University of Helsinki', '[2]']",2
526,Toussaint,11,['University of Tulsa'],212
527,Townsend,2,['Indiana University'],42
528,Tozer,0,[],3
529,Traub,0,[],102
530,Tucker,0,['University of Warwick'],182
531,Tukey,7,"['Brown University', 'Princeton University']",11
532,Turing,2,"['University of Cambridge', 'BA', 'MA', 'Princeton University']",22
533,Turner,0,"['D.Phil.', 'University of Oxford']",361
534,Turoff,1,"['University of California - Berkeley', 'Brandeis University']",135
535,Ullman,4,"['Columbia University', 'Princeton University']",343
536,Valiant,6,"['University of Cambridge', 'Imperial College London', 'University of Warwick']",119
537,Vapnik,11,"['Institute of Control Sciences, Russian Academy of Sciences', 'Uzbek State University']",85
538,Vardi,7,"['Bar-Ilan University', 'Weizmann Institute of Science', '[4]', 'Hebrew University of Jerusalem']",772
539,Vauquois,0,['Ph.D.'],12
540,Vazirani,2,"['MIT', 'University of California, Berkeley']",112
541,Veloso,3,"['Instituto Superior Técnico', 'University of Lisbon', 'Boston University', 'Carnegie Mellon University']",626
542,Vernadat,0,['University of Clermont'],97
543,Veryard,0,['Open University'],8
544,Vilkomir,4,"['Kharkov State University', 'Kharkov Polytechnic Institute']",39
545,Viterbi,8,"['Massachusetts Institute of Technology', 'BS', 'MS', 'University of Southern California', 'PhD']",51
546,Vitter,0,"['University of Notre Dame', 'BS', 'Duke University', 'MBA', 'Stanford University', 'PhD']",307
547,Vitányi,8,"['Delft University of Technology', 'Free University of Amsterdam']",254
548,Vixie,0,['Keio University'],35
549,Wada,0,['University of Tokyo'],7
550,Wadler,4,"['Stanford University', 'Carnegie Mellon University']",169
551,Wagner,0,[],637
552,Waltz,2,['Massachusetts Institute of Technology'],60
553,Wang,2,"['Stanford University', 'M.S.', 'M.S.', 'Ph.D.', 'University of Minnesota', 'B.S.']",2841
554,Ward,0,[],142
555,Warmuth,3,"['University of Colorado, Boulder']",241
556,Warren,0,['University of Edinburgh'],598
557,Warwick,4,"['Aston University', 'Imperial College London']",120
558,Wegner,2,['[1]'],154
559,Wegstein,0,"['University of Illinois', 'B.S.', 'M.S.']",12
560,Weinberger,0,"['University of California, Berkeley']",20
561,Weiser,0,['University of Michigan'],69
562,Weizenbaum,0,['Wayne State University'],19
563,Westervelt,0,[],2
564,Wheeler,3,['University of Cambridge'],208
565,Whittaker,3,[],205
566,Widom,6,"['Cornell University', 'Indiana University Jacobs School of Music']",218
567,Wiederhold,3,"['University of California, San Francisco']",204
568,Wiener,2,"['Tufts College', 'BA', 'Cornell University', 'MA', 'Harvard University', 'PhD']",5
569,Wijngaarden,2,['Delft University of Technology'],48
570,Wilkes,0,"['Wellesley College', 'Harvard Law School']",84
571,Wilkinson,3,"['Trinity College, Cambridge']",69
572,Wilks,1,['University of Cambridge'],199
573,Wilson,6,"['Selwyn College, Cambridge', 'University of Cambridge']",17
574,Winograd,1,"['Colorado College', 'Massachusetts Institute of Technology']",117
575,Winston,1,"['MIT', '[1]']",55
576,Wirth,5,"['BS', 'MSc', 'Université Laval', 'University of California, Berkeley']",92
577,Wiseman,0,"['University of Cambridge', 'University of Illinois', 'Queen Mary College']",28
578,Wolfram,2,"[""St. John's College, Oxford"", 'California Institute of Technology']",51
579,Woodward,3,['Oxford University'],26
580,Worsley,3,"['University of Toronto', 'Massachusetts Institute of Technology', 'University of Cambridge']",2
581,Wozniak,13,"['University of Colorado Boulder', 'De Anza College', 'University of California, Berkeley', 'BS', '[3]']",13
582,Wu,0,[],6947
583,Wulf,0,"['University of Illinois Urbana-Champaign', 'University of Virginia']",149
584,Węglarz,0,['Poznań University of Technology'],72
585,Yannakakis,2,"['National Technical University of Athens', 'Princeton University']",290
586,Yao,4,"['National Taiwan University', 'Harvard University', 'University of Illinois at Urbana–Champaign']",444
587,Yen,2,"['University of California, Berkeley', 'Santa Clara University', 'National Taiwan University', 'National Hsinchu Senior High School']",414
588,Yourdon,1,['Massachusetts Institute of Technology'],18
589,Yung,6,['Columbia University'],604
590,Zadeh,12,"['University of Tehran', 'Massachusetts Institute of Technology', 'Columbia University']",195
591,Zaman,0,"['Stanford University', '[2]', 'Harvey Mudd College', 'Claremont Graduate University']",35
592,Zantema,0,['University of Amsterdam'],118
593,Zdonik,0,['Massachusetts Institute of Technology'],194
